Workbook

Sheet 📋 ДАШБОРД
A1: 📋 ДАШБОРД РУКОВОДИТЕЛЯ | АО «ХАБАР» | 2026
A3: Показатель | B3: 917CT02 | C3: 684DC02 | D3: 659DC02 | E3: ПО ПАРКУ
A4: ── АПРЕЛЬ 2026 ──────────────────
A5: 📏 Общий пробег (км) | B5: =Апрель!AN4 -> 939 | C5: =Апрель!AN8 -> 4426 | D5: =Апрель!AN12 -> 3698 | E5: =SUM(B5:D5) -> 9063
A6: ⛽ Заправлено (л) | B6: =Апрель!AN5 -> 169.11 | C6: =Апрель!AN9 -> 591.88 | D6: =Апрель!AN13 -> 423.8 | E6: =SUM(B6:D6) -> 1184.79
A7: 📐 Расход по норме (л) | B7: =Апрель!AQ4 -> 131.46 | C7: =Апрель!AQ8 -> 619.64 | D7: =Апрель!AQ12 -> 517.72 | E7: =SUM(B7:D7) -> 1268.82
A8: 🔥 Факт расход (л) | B8: =Апрель!AR4 -> 169.11 | C8: =Апрель!AR8 -> 591.88 | D8: =Апрель!AR12 -> 423.8 | E8: =SUM(B8:D8) -> 1184.79
A9: ⚖️ Разница норма/факт (л) | B9: =Апрель!AS4 -> -37.65 | C9: =Апрель!AS8 -> 27.76 | D9: =Апрель!AS12 -> 93.92 | E9: =SUM(B9:D9) -> 84.03
A10: 📊 % отклонения от нормы | B10: =Апрель!AT4 -> 28.63989 | C10: =Апрель!AT8 -> -4.4800207 | D10: =Апрель!AT12 -> -18.14108 | E10: =AVERAGE(B10:D10) -> 2.0062632
A11: 💰 Стоимость топлива (₸) | B11: =Апрель!AU4 -> 39909.96 | C11: =Апрель!AU8 -> 139683.68 | D11: =Апрель!AU12 -> 100016.8 | E11: =SUM(B11:D11) -> 279610.44
A12: ✅ СТАТУС | B12: =Апрель!AV4 -> ⚠️ ПЕРЕРАСХОД | C12: =Апрель!AV8 -> ✅ ОК | D12: =Апрель!AV12 -> ✅ ОК | E12: =IF(COUNTIF(B12:D12,"*ПЕРЕРАСХОД*")>0,"⚠️ ЕСТЬ ПЕРЕРАСХОД","✅ ВСЕ ОК") -> ⚠️ ЕСТЬ ПЕРЕРАСХОД
A13: 🔧 ТО (₸) | B13: =Апрель!AN6 -> 0 | C13: =Апрель!AN10 -> 0 | D13: =Апрель!AN14 -> 0 | E13: =SUM(B13:D13) -> 0
A14: 💡 Данные обновляются автоматически при заполнении водителями через Telegram-бот
A15: 🚿 Мойка (₸) | B15: =Апрель!AN7 -> 0 | C15: =Апрель!AN11 -> 7500 | D15: =Апрель!AN15 -> 0 | E15: =SUM(B15:D15) -> 7500

Sheet ⚙ Настройки
A1: ⚙ НАСТРОЙКИ СИСТЕМЫ | АО «ХАБАР» | 2026
A3: Параметр | B3: Машина 1 (917CT02) | C3: Машина 2 (684DC02) | D3: Машина 3 (659DC02)
A4: 🚗 Гос. номер (ГРНЗ) | B4: 917CT02 | C4: 684DC02 | D4: 659DC02
A5: 🏢 Заказчик | B5: АО "ХАБАР" | C5: АО "ХАБАР" | D5: АО "ХАБАР"
A6: ⛽ Поставщик ГСМ | B6: Helios | C6: Helios | D6: Helios
A7: 💳 Номер карты ГСМ | B7: 733610007336105-6077 | C7: 733610007336105-6069 | D7: 733610007336105-6051
A8: 🔢 Объём бака (л) | B8: 70 | C8: 70 | D8: 70
A9: 📏 Норма расхода (л/100км) | B9: 14 | C9: 14 | D9: 14
A10: ⛽ Цена ГСМ (₸/л) | B10: 236 | C10: 236 | D10: 236
A11: ⚠️ Допуст. перерасход (%) | B11: 20 | C11: 20 | D11: 20
A12: 🔔 Не снижаемый остаток (л) | B12: 70 | C12: 70 | D12: 70
A14: 💡 Жёлтые ячейки — вводите данные. Синий текст — ввод водителя. Чёрный — формула. Зелёный — ссылка на другой лист.

Sheet 📊 ВСЕ ПРОЕКТЫ
A1: СВОДНЫЙ ГОДОВОЙ ОТЧЁТ | АО «ХАБАР» | 2026
A3: № | B3: Наим. ТС | C3: ГРНЗ | D3: Тип | E3: Апре | G3: Май | I3: Июнь | K3: Июль | M3: Авгу | O3: Сент | Q3: Октя | S3: Нояб | U3: Дека | W3: ИТОГО Пробег | X3: ИТОГО ГСМ (л) | Y3: ИТОГО ₸ | Z3: СТАТУС
E4: Пробег | F4: ГСМ (л) | G4: Пробег | H4: ГСМ (л) | I4: Пробег | J4: ГСМ (л) | K4: Пробег | L4: ГСМ (л) | M4: Пробег | N4: ГСМ (л) | O4: Пробег | P4: ГСМ (л) | Q4: Пробег | R4: ГСМ (л) | S4: Пробег | T4: ГСМ (л) | U4: Пробег | V4: ГСМ (л)
A5: 1 | B5: Toyota HIACE | C5: 917CT02 | D5: КМ | E5: =Апрель!AN4 -> 939 | G5: =Май!AO4 -> 0 | I5: =Июнь!AN4 -> 0 | K5: =Июль!AO4 -> 0 | M5: =Август!AO4 -> 0 | O5: =Сентябрь!AN4 -> 0 | Q5: =Октябрь!AO4 -> 0 | S5: =Ноябрь!AN4 -> 0 | U5: =Декабрь!AO4 -> 0 | W5: =Апрель!AN4+Май!AO4+Июнь!AN4+Июль!AO4+Август!AO4+Сентябрь!AN4+Октябрь!AO4+Ноябрь!AN4+Декабрь!AO4 -> 939 | X5: =Апрель!AN5+Май!AO5+Июнь!AN5+Июль!AO5+Август!AO5+Сентябрь!AN5+Октябрь!AO5+Ноябрь!AN5+Декабрь!AO5 -> 169.11 | Y5: =Апрель!AU4+Май!AV4+Июнь!AU4+Июль!AV4+Август!AV4+Сентябрь!AU4+Октябрь!AV4+Ноябрь!AU4+Декабрь!AV4 -> 39909.96 | Z5: =IF(W5=0,"—",IF(IFERROR((X5/W5*100-'⚙ Настройки'!B9)/'⚙ Настройки'!B9*100,0)<='⚙ Настройки'!B11,"✅ ОК","⚠️ ПЕРЕРАСХОД")) -> ⚠️ ПЕРЕРАСХОД
D6: ГСМ | F6: =Апрель!AN5 -> 169.11 | H6: =Май!AO5 -> 0 | J6: =Июнь!AN5 -> 0 | L6: =Июль!AO5 -> 0 | N6: =Август!AO5 -> 0 | P6: =Сентябрь!AN5 -> 0 | R6: =Октябрь!AO5 -> 0 | T6: =Ноябрь!AN5 -> 0 | V6: =Декабрь!AO5 -> 0
A7: 2 | B7: Toyota HIACE | C7: 684DC02 | D7: КМ | E7: =Апрель!AN6 -> 0 | G7: =Май!AO6 -> 0 | I7: =Июнь!AN6 -> 0 | K7: =Июль!AO6 -> 0 | M7: =Август!AO6 -> 0 | O7: =Сентябрь!AN6 -> 0 | Q7: =Октябрь!AO6 -> 0 | S7: =Ноябрь!AN6 -> 0 | U7: =Декабрь!AO6 -> 0 | W7: =Апрель!AN6+Май!AO6+Июнь!AN6+Июль!AO6+Август!AO6+Сентябрь!AN6+Октябрь!AO6+Ноябрь!AN6+Декабрь!AO6 -> 0 | X7: =Апрель!AN7+Май!AO7+Июнь!AN7+Июль!AO7+Август!AO7+Сентябрь!AN7+Октябрь!AO7+Ноябрь!AN7+Декабрь!AO7 -> 0 | Y7: =Апрель!AU6+Май!AV6+Июнь!AU6+Июль!AV6+Август!AV6+Сентябрь!AU6+Октябрь!AV6+Ноябрь!AU6+Декабрь!AV6 -> 0 | Z7: =IF(W7=0,"—",IF(IFERROR((X7/W7*100-'⚙ Настройки'!C9)/'⚙ Настройки'!C9*100,0)<='⚙ Настройки'!C11,"✅ ОК","⚠️ ПЕРЕРАСХОД")) -> —
D8: ГСМ | F8: =Апрель!AN7 -> 0 | H8: =Май!AO7 -> 0 | J8: =Июнь!AN7 -> 0 | L8: =Июль!AO7 -> 0 | N8: =Август!AO7 -> 0 | P8: =Сентябрь!AN7 -> 0 | R8: =Октябрь!AO7 -> 0 | T8: =Ноябрь!AN7 -> 0 | V8: =Декабрь!AO7 -> 0
A9: 3 | B9: Toyota HIACE | C9: 659DC02 | D9: КМ | E9: =Апрель!AN8 -> 4426 | G9: =Май!AO8 -> 101 | I9: =Июнь!AN8 -> 0 | K9: =Июль!AO8 -> 0 | M9: =Август!AO8 -> 0 | O9: =Сентябрь!AN8 -> 0 | Q9: =Октябрь!AO8 -> 0 | S9: =Ноябрь!AN8 -> 0 | U9: =Декабрь!AO8 -> 0 | W9: =Апрель!AN8+Май!AO8+Июнь!AN8+Июль!AO8+Август!AO8+Сентябрь!AN8+Октябрь!AO8+Ноябрь!AN8+Декабрь!AO8 -> 4527 | X9: =Апрель!AN9+Май!AO9+Июнь!AN9+Июль!AO9+Август!AO9+Сентябрь!AN9+Октябрь!AO9+Ноябрь!AN9+Декабрь!AO9 -> 632.14 | Y9: =Апрель!AU8+Май!AV8+Июнь!AU8+Июль!AV8+Август!AV8+Сентябрь!AU8+Октябрь!AV8+Ноябрь!AU8+Декабрь!AV8 -> 149185.04 | Z9: =IF(W9=0,"—",IF(IFERROR((X9/W9*100-'⚙ Настройки'!D9)/'⚙ Настройки'!D9*100,0)<='⚙ Настройки'!D11,"✅ ОК","⚠️ ПЕРЕРАСХОД")) -> ✅ ОК
D10: ГСМ | F10: =Апрель!AN9 -> 591.88 | H10: =Май!AO9 -> 40.26 | J10: =Июнь!AN9 -> 0 | L10: =Июль!AO9 -> 0 | N10: =Август!AO9 -> 0 | P10: =Сентябрь!AN9 -> 0 | R10: =Октябрь!AO9 -> 0 | T10: =Ноябрь!AN9 -> 0 | V10: =Декабрь!AO9 -> 0
A11: ИТОГО ПО ПАРКУ | E11: =E5+E7+E9 -> 5365 | F11: =F6+F8+F10 -> 760.99 | G11: =G5+G7+G9 -> 101 | H11: =H6+H8+H10 -> 40.26 | I11: =I5+I7+I9 -> 0 | J11: =J6+J8+J10 -> 0 | K11: =K5+K7+K9 -> 0 | L11: =L6+L8+L10 -> 0 | M11: =M5+M7+M9 -> 0 | N11: =N6+N8+N10 -> 0 | O11: =O5+O7+O9 -> 0 | P11: =P6+P8+P10 -> 0 | Q11: =Q5+Q7+Q9 -> 0 | R11: =R6+R8+R10 -> 0 | S11: =S5+S7+S9 -> 0 | T11: =T6+T8+T10 -> 0 | U11: =U5+U7+U9 -> 0 | V11: =V6+V8+V10 -> 0

Sheet Апрель
A1: УЧЁТ ЗАПРАВКИ ГСМ И ПРОБЕГА | АПРЕЛЬ 2026 | АО «ХАБАР» | Поставщик: Helios
A2: ИНФОРМАЦИЯ О ТС | J2: ЕЖЕДНЕВНЫЙ ПРОБЕГ И ЗАПРАВКА ГСМ | AN2: РАСЧЁТ И КОНТРОЛЬ
A3: № | B3: Заказчик | C3: Наим. ТС | D3: ГРНЗ | E3: Поставщик | F3: Номер карты ГСМ | G3: Тип топлива | H3: Бак (л) | I3: Остаток (л) | J3: 1 Ср | K3: 2 Чт | L3: 3 Пт | M3: 4 Сб | N3: 5 Вс | O3: 6 Пн | P3: 7 Вт | Q3: 8 Ср | R3: 9 Чт | S3: 10 Пт | T3: 11 Сб | U3: 12 Вс | V3: 13 Пн | W3: 14 Вт | X3: 15 Ср | Y3: 16 Чт | Z3: 17 Пт | AA3: 18 Сб | AB3: 19 Вс | AC3: 20 Пн | AD3: 21 Вт | AE3: 22 Ср | AF3: 23 Чт | AG3: 24 Пт | AH3: 25 Сб | AI3: 26 Вс | AJ3: 27 Пн | AK3: 28 Вт | AL3: 29 Ср | AM3: 30 Чт | AN3: ИТОГО Пробег/ГСМ | AO3: Норма л/100км | AP3: Факт л/100км | AQ3: Расход по норме (л) | AR3: Факт расход (л) | AS3: Разница (л) | AT3: % от нормы | AU3: Стоим. факт (₸) | AV3: СТАТУС
A4: 1 | B4: АО "ХАБАР" | C4: Toyota HIACE | D4: 917CT02 | E4: Helios | F4: 733610007336105-6077 | G4: КМ | H4: 70 | I4: 70 | J4: 29 | K4: 0 | L4: 49 | M4: 0 | N4: 0 | O4: 35 | P4: 91 | Q4: 45 | R4: 39 | S4: 60 | T4: 0 | U4: 0 | V4: 15 | W4: 52 | X4: 74 | Y4: 38 | Z4: 36 | AA4: 0 | AB4: 0 | AC4: 33 | AD4: 68 | AE4: 63 | AF4: 60 | AG4: 57 | AJ4: 43 | AK4: 43 | AL4: 9 | AN4: =SUM(J4:AM4) -> 939 | AO4: ='⚙ Настройки'!B9 -> 14 | AP4: =IFERROR(AN5/AN4*100,0) -> 18.009585 | AQ4: =IFERROR(AN4*AO4/100,0) -> 131.46 | AR4: =AN5 -> 169.11 | AS4: =AQ4-AR4 -> -37.65 | AT4: =IFERROR((AR4-AQ4)/AQ4*100,0) -> 28.63989 | AU4: =AR4*'⚙ Настройки'!B10 -> 39909.96 | AV4: =IF(AN4=0,"—",IF(AT4<='⚙ Настройки'!B11,"✅ ОК","⚠️ ПЕРЕРАСХОД")) -> ⚠️ ПЕРЕРАСХОД
G5: АИ-92 | L5: 42 | R5: 42.38 | Y5: 42.35 | AF5: 42.38 | AN5: =SUM(J5:AM5) -> 169.11
A6: 🔧 ТО (₸) 🚿 МОЙКА (₸) | AN6: =SUM(J6:AM6) -> 0
AN7: =SUM(J7:AM7) -> 0
A8: 2 | B8: АО "ХАБАР" | C8: Toyota HIACE | D8: 684DC02 | E8: Helios | F8: 733610007336105-6069 | G8: КМ | H8: 70 | I8: 70 | J8: 241 | K8: 179 | L8: 143 | M8: 61 | N8: 139 | O8: 150 | P8: 137 | Q8: 139 | R8: 160 | S8: 150 | T8: 120 | U8: 149 | V8: 137 | W8: 191 | X8: 208 | Y8: 200 | Z8: 141 | AA8: 163 | AB8: 107 | AC8: 58 | AD8: 147 | AE8: 201 | AF8: 208 | AG8: 142 | AH8: 140 | AI8: 142 | AJ8: 159 | AK8: 146 | AL8: 168 | AN8: =SUM(J8:AM8) -> 4426 | AO8: ='⚙ Настройки'!C9 -> 14 | AP8: =IFERROR(AN9/AN8*100,0) -> 13.372797 | AQ8: =IFERROR(AN8*AO8/100,0) -> 619.64 | AR8: =AN9 -> 591.88 | AS8: =AQ8-AR8 -> 27.76 | AT8: =IFERROR((AR8-AQ8)/AQ8*100,0) -> -4.4800207 | AU8: =AR8*'⚙ Настройки'!C10 -> 139683.68 | AV8: =IF(AN8=0,"—",IF(AT8<='⚙ Настройки'!C11,"✅ ОК","⚠️ ПЕРЕРАСХОД")) -> ✅ ОК
G9: АИ-92 | J9: 42.2 | K9: 42.2 | O9: 42.2 | Q9: 42.2 | S9: 42.2 | U9: 42.2 | W9: 42.38 | Y9: 42.38 | Z9: 42.38 | AC9: 42.38 | AE9: 42.38 | AF9: 42.38 | AH9: 42.38 | AJ9: 42.02 | AL9: 42.38 | AN9: =SUM(J9:AM9) -> 591.88
A10: 🔧 ТО (₸) 🚿 МОЙКА (₸) | AN10: =SUM(J10:AM10) -> 0
AA11: 7500 | AN11: =SUM(J11:AM11) -> 7500
A12: 3 | B12: АО "ХАБАР" | C12: Toyota HIACE | D12: 659DC02 | E12: Helios | F12: 733610007336105-6051 | G12: КМ | H12: 70 | I12: 70 | J12: 121 | K12: 135 | L12: 149 | M12: 115 | N12: 100 | O12: 115 | P12: 164 | Q12: 166 | R12: 156 | S12: 174 | T12: 97 | U12: 135 | V12: 131 | W12: 103 | X12: 155 | Y12: 131 | Z12: 119 | AA12: 103 | AB12: 71 | AC12: 138 | AD12: 127 | AE12: 158 | AF12: 137 | AG12: 106 | AH12: 108 | AI12: 109 | AJ12: 128 | AK12: 130 | AL12: 117 | AN12: =SUM(J12:AM12) -> 3698 | AO12: ='⚙ Настройки'!D9 -> 14 | AP12: =IFERROR(AN13/AN12*100,0) -> 11.460249 | AQ12: =IFERROR(AN12*AO12/100,0) -> 517.72 | AR12: =AN13 -> 423.8 | AS12: =AQ12-AR12 -> 93.92 | AT12: =IFERROR((AR12-AQ12)/AQ12*100,0) -> -18.14108 | AU12: =AR12*'⚙ Настройки'!D10 -> 100016.8 | AV12: =IF(AN12=0,"—",IF(AT12<='⚙ Настройки'!D11,"✅ ОК","⚠️ ПЕРЕРАСХОД")) -> ✅ ОК
G13: АИ-92 | P13: 42.38 | R13: 42.38 | V13: 42.38 | Z13: 42.38 | AB13: 42.38 | AD13: 42.38 | AE13: 42.38 | AH13: 42.38 | AJ13: 42.38 | AM13: 42.38 | AN13: =SUM(J13:AM13) -> 423.8
A14: 🔧 ТО (₸) 🚿 МОЙКА (₸) | AN14: =SUM(J14:AM14) -> 0
AN15: =SUM(J15:AM15) -> 0
A16: ИТОГО ПРОБЕГ | J16: =J4+J8+J12 -> 391 | K16: =K4+K8+K12 -> 314 | L16: =L4+L8+L12 -> 341 | M16: =M4+M8+M12 -> 176 | N16: =N4+N8+N12 -> 239 | O16: =O4+O8+O12 -> 300 | P16: =P4+P8+P12 -> 392 | Q16: =Q4+Q8+Q12 -> 350 | ... AN16: =AN4+AN8+AN12 -> 9063 | AO16: ИТОГО ₸: | AT16: =AU4+AU8+AU12 -> 279610.44
A17: ИТОГО ГСМ (л) | J17: =J5+J9+J13 -> 42.2 | K17: =K5+K9+K13 -> 42.2 | L17: =L5+L9+L13 -> 42 | M17: =M5+M9+M13 -> 0 | N17: =N5+N9+N13 -> 0 | O17: =O5+O9+O13 -> 42.2 | P17: =P5+P9+P13 -> 42.38 | Q17: =Q5+Q9+Q13 -> 42.2 | ... AN17: =AN5+AN9+AN13 -> 1184.79
A18: 🔧 ИТОГО ТО (₸) | J18: =J6+J10+J14 -> 0 | K18: =K6+K10+K14 -> 0 | L18: =L6+L10+L14 -> 0 | M18: =M6+M10+M14 -> 0 | N18: =N6+N10+N14 -> 0 | O18: =O6+O10+O14 -> 0 | P18: =P6+P10+P14 -> 0 | Q18: =Q6+Q10+Q14 -> 0 | ... AN18: =AN6+AN10+AN14 -> 0
A19: 🚿 ИТОГО МОЙКА (₸) | J19: =J7+J11+J15 -> 0 | K19: =K7+K11+K15 -> 0 | L19: =L7+L11+L15 -> 0 | M19: =M7+M11+M15 -> 0 | N19: =N7+N11+N15 -> 0 | O19: =O7+O11+O15 -> 0 | P19: =P7+P11+P15 -> 0 | Q19: =Q7+Q11+Q15 -> 0 | ... AN19: =AN7+AN11+AN15 -> 7500

Sheet Май
A1: УЧЁТ ЗАПРАВКИ ГСМ И ПРОБЕГА | МАЙ 2026 | АО «ХАБАР» | Поставщик: Helios
A2: ИНФОРМАЦИЯ О ТС | J2: ЕЖЕДНЕВНЫЙ ПРОБЕГ И ЗАПРАВКА ГСМ | AO2: РАСЧЁТ И КОНТРОЛЬ
A3: № | B3: Заказчик | C3: Наим. ТС | D3: ГРНЗ | E3: Поставщик | F3: Номер карты ГСМ | G3: Тип топлива | H3: Бак (л) | I3: Остаток (л) | J3: 1 Пт | K3: 2 Сб | L3: 3 Вс | M3: 4 Пн | N3: 5 Вт | O3: 6 Ср | P3: 7 Чт | Q3: 8 Пт | R3: 9 Сб | S3: 10 Вс | T3: 11 Пн | U3: 12 Вт | V3: 13 Ср | W3: 14 Чт | X3: 15 Пт | Y3: 16 Сб | Z3: 17 Вс | AA3: 18 Пн | AB3: 19 Вт | AC3: 20 Ср | AD3: 21 Чт | AE3: 22 Пт | AF3: 23 Сб | AG3: 24 Вс | AH3: 25 Пн | AI3: 26 Вт | AJ3: 27 Ср | AK3: 28 Чт | AL3: 29 Пт | AM3: 30 Сб | AN3: 31 Вс | AO3: ИТОГО Пробег/ГСМ | AP3: Норма л/100км | AQ3: Факт л/100км | AR3: Расход по норме (л) | AS3: Факт расход (л) | AT3: Разница (л) | AU3: % от нормы | AV3: Стоим. факт (₸) | AW3: СТАТУС
A4: 1 | B4: АО "ХАБАР" | C4: Toyota HIACE | D4: 917CT02 | E4: Helios | F4: 733610007336105-6077 | G4: КМ | H4: 70 | I4: 70 | AO4: =SUM(J4:AN4) -> 0 | AP4: ='⚙ Настройки'!B9 -> 14 | AQ4: =IFERROR(AO5/AO4*100,0) -> 0 | AR4: =IFERROR(AO4*AP4/100,0) -> 0 | AS4: =AO5 -> 0 | AT4: =AR4-AS4 -> 0 | AU4: =IFERROR((AS4-AR4)/AR4*100,0) -> 0 | AV4: =AS4*'⚙ Настройки'!B10 -> 0 | AW4: =IF(AO4=0,"—",IF(AU4<='⚙ Настройки'!B11,"✅ ОК","⚠️ ПЕРЕРАСХОД")) -> —
G5: АИ-92 | AO5: =SUM(J5:AN5) -> 0
A6: 🔧 ТО (₸) 🚿 МОЙКА (₸) | AO6: =SUM(J6:AN6) -> 0
AO7: =SUM(J7:AN7) -> 0
A8: 2 | B8: АО "ХАБАР" | C8: Toyota HIACE | D8: 684DC02 | E8: Helios | F8: 733610007336105-6069 | G8: КМ | H8: 70 | I8: 70 | J8: 101 | AO8: =SUM(J8:AN8) -> 101 | AP8: ='⚙ Настройки'!C9 -> 14 | AQ8: =IFERROR(AO9/AO8*100,0) -> 39.861386 | AR8: =IFERROR(AO8*AP8/100,0) -> 14.14 | AS8: =AO9 -> 40.26 | AT8: =AR8-AS8 -> -26.12 | AU8: =IFERROR((AS8-AR8)/AR8*100,0) -> 184.72419 | AV8: =AS8*'⚙ Настройки'!C10 -> 9501.36 | AW8: =IF(AO8=0,"—",IF(AU8<='⚙ Настройки'!C11,"✅ ОК","⚠️ ПЕРЕРАСХОД")) -> ⚠️ ПЕРЕРАСХОД
G9: АИ-92 | J9: 40.26 | AO9: =SUM(J9:AN9) -> 40.26
A10: 🔧 ТО (₸) 🚿 МОЙКА (₸) | AO10: =SUM(J10:AN10) -> 0
AO11: =SUM(J11:AN11) -> 0
A12: 3 | B12: АО "ХАБАР" | C12: Toyota HIACE | D12: 659DC02 | E12: Helios | F12: 733610007336105-6051 | G12: КМ | H12: 70 | I12: 70 | J12: 120 | AO12: =SUM(J12:AN12) -> 120 | AP12: ='⚙ Настройки'!D9 -> 14 | AQ12: =IFERROR(AO13/AO12*100,0) -> 0 | AR12: =IFERROR(AO12*AP12/100,0) -> 16.8 | AS12: =AO13 -> 0 | AT12: =AR12-AS12 -> 16.8 | AU12: =IFERROR((AS12-AR12)/AR12*100,0) -> -100 | AV12: =AS12*'⚙ Настройки'!D10 -> 0 | AW12: =IF(AO12=0,"—",IF(AU12<='⚙ Настройки'!D11,"✅ ОК","⚠️ ПЕРЕРАСХОД")) -> ✅ ОК
G13: АИ-92 | AO13: =SUM(J13:AN13) -> 0
A14: 🔧 ТО (₸) 🚿 МОЙКА (₸) | AO14: =SUM(J14:AN14) -> 0
AO15: =SUM(J15:AN15) -> 0
A16: ИТОГО ПРОБЕГ | J16: =J4+J8+J12 -> 221 | K16: =K4+K8+K12 -> 0 | L16: =L4+L8+L12 -> 0 | M16: =M4+M8+M12 -> 0 | N16: =N4+N8+N12 -> 0 | O16: =O4+O8+O12 -> 0 | P16: =P4+P8+P12 -> 0 | Q16: =Q4+Q8+Q12 -> 0 | ... AO16: =AO4+AO8+AO12 -> 221 | AP16: ИТОГО ₸: | AU16: =AU4+AU8+AU12 -> 84.724187
A17: ИТОГО ГСМ (л) | J17: =J5+J9+J13 -> 40.26 | K17: =K5+K9+K13 -> 0 | L17: =L5+L9+L13 -> 0 | M17: =M5+M9+M13 -> 0 | N17: =N5+N9+N13 -> 0 | O17: =O5+O9+O13 -> 0 | P17: =P5+P9+P13 -> 0 | Q17: =Q5+Q9+Q13 -> 0 | ... AO17: =AO5+AO9+AO13 -> 40.26
A18: 🔧 ИТОГО ТО (₸) | J18: =J6+J10+J14 -> 0 | K18: =K6+K10+K14 -> 0 | L18: =L6+L10+L14 -> 0 | M18: =M6+M10+M14 -> 0 | N18: =N6+N10+N14 -> 0 | O18: =O6+O10+O14 -> 0 | P18: =P6+P10+P14 -> 0 | Q18: =Q6+Q10+Q14 -> 0 | ... AO18: =AO6+AO10+AO14 -> 0
A19: 🚿 ИТОГО МОЙКА (₸) | J19: =J7+J11+J15 -> 0 | K19: =K7+K11+K15 -> 0 | L19: =L7+L11+L15 -> 0 | M19: =M7+M11+M15 -> 0 | N19: =N7+N11+N15 -> 0 | O19: =O7+O11+O15 -> 0 | P19: =P7+P11+P15 -> 0 | Q19: =Q7+Q11+Q15 -> 0 | ... AO19: =AO7+AO11+AO15 -> 0

Sheet Июнь
A1: УЧЁТ ЗАПРАВКИ ГСМ И ПРОБЕГА | ИЮНЬ 2026 | АО «ХАБАР» | Поставщик: Helios
A2: ИНФОРМАЦИЯ О ТС | J2: ЕЖЕДНЕВНЫЙ ПРОБЕГ И ЗАПРАВКА ГСМ | AN2: РАСЧЁТ И КОНТРОЛЬ
A3: № | B3: Заказчик | C3: Наим. ТС | D3: ГРНЗ | E3: Поставщик | F3: Номер карты ГСМ | G3: Тип топлива | H3: Бак (л) | I3: Остаток (л) | J3: 1 Пн | K3: 2 Вт | L3: 3 Ср | M3: 4 Чт | N3: 5 Пт | O3: 6 Сб | P3: 7 Вс | Q3: 8 Пн | R3: 9 Вт | S3: 10 Ср | T3: 11 Чт | U3: 12 Пт | V3: 13 Сб | W3: 14 Вс | X3: 15 Пн | Y3: 16 Вт | Z3: 17 Ср | AA3: 18 Чт | AB3: 19 Пт | AC3: 20 Сб | AD3: 21 Вс | AE3: 22 Пн | AF3: 23 Вт | AG3: 24 Ср | AH3: 25 Чт | AI3: 26 Пт | AJ3: 27 Сб | AK3: 28 Вс | AL3: 29 Пн | AM3: 30 Вт | AN3: ИТОГО Пробег/ГСМ | AO3: Норма л/100км | AP3: Факт л/100км | AQ3: Расход по норме (л) | AR3: Факт расход (л) | AS3: Разница (л) | AT3: % от нормы | AU3: Стоим. факт (₸) | AV3: СТАТУС
A4: 1 | B4: АО "ХАБАР" | C4: Toyota HIACE | D4: 917CT02 | E4: Helios | F4: 733610007336105-6077 | G4: КМ | H4: 70 | I4: 70 | AN4: =SUM(J4:AM4) -> 0 | AO4: ='⚙ Настройки'!B9 -> 14 | AP4: =IFERROR(AN5/AN4*100,0) -> 0 | AQ4: =IFERROR(AN4*AO4/100,0) -> 0 | AR4: =AN5 -> 0 | AS4: =AQ4-AR4 -> 0 | AT4: =IFERROR((AR4-AQ4)/AQ4*100,0) -> 0 | AU4: =AR4*'⚙ Настройки'!B10 -> 0 | AV4: =IF(AN4=0,"—",IF(AT4<='⚙ Настройки'!B11,"✅ ОК","⚠️ ПЕРЕРАСХОД")) -> —
G5: АИ-92 | AN5: =SUM(J5:AM5) -> 0
A6: 🔧 ТО (₸) | AN6: =SUM(J6:AM6) -> 0
AN7: =SUM(J7:AM7) -> 0
A8: 2 | B8: АО "ХАБАР" | C8: Toyota HIACE | D8: 684DC02 | E8: Helios | F8: 733610007336105-6069 | G8: КМ | H8: 70 | I8: 70 | AN8: =SUM(J8:AM8) -> 0 | AO8: ='⚙ Настройки'!C9 -> 14 | AP8: =IFERROR(AN9/AN8*100,0) -> 0 | AQ8: =IFERROR(AN8*AO8/100,0) -> 0 | AR8: =AN9 -> 0 | AS8: =AQ8-AR8 -> 0 | AT8: =IFERROR((AR8-AQ8)/AQ8*100,0) -> 0 | AU8: =AR8*'⚙ Настройки'!C10 -> 0 | AV8: =IF(AN8=0,"—",IF(AT8<='⚙ Настройки'!C11,"✅ ОК","⚠️ ПЕРЕРАСХОД")) -> —
G9: АИ-92 | AN9: =SUM(J9:AM9) -> 0
A10: 🔧 ТО (₸) | AN10: =SUM(J10:AM10) -> 0
AN11: =SUM(J11:AM11) -> 0
A12: 3 | B12: АО "ХАБАР" | C12: Toyota HIACE | D12: 659DC02 | E12: Helios | F12: 733610007336105-6051 | G12: КМ | H12: 70 | I12: 70 | AN12: =SUM(J12:AM12) -> 0 | AO12: ='⚙ Настройки'!D9 -> 14 | AP12: =IFERROR(AN13/AN12*100,0) -> 0 | AQ12: =IFERROR(AN12*AO12/100,0) -> 0 | AR12: =AN13 -> 0 | AS12: =AQ12-AR12 -> 0 | AT12: =IFERROR((AR12-AQ12)/AQ12*100,0) -> 0 | AU12: =AR12*'⚙ Настройки'!D10 -> 0 | AV12: =IF(AN12=0,"—",IF(AT12<='⚙ Настройки'!D11,"✅ ОК","⚠️ ПЕРЕРАСХОД")) -> —
G13: АИ-92 | AN13: =SUM(J13:AM13) -> 0
A14: 🔧 ТО (₸) | AN14: =SUM(J14:AM14) -> 0
AN15: =SUM(J15:AM15) -> 0
A16: ИТОГО ПРОБЕГ | J16: =J4+J8+J12 -> 0 | K16: =K4+K8+K12 -> 0 | L16: =L4+L8+L12 -> 0 | M16: =M4+M8+M12 -> 0 | N16: =N4+N8+N12 -> 0 | O16: =O4+O8+O12 -> 0 | P16: =P4+P8+P12 -> 0 | Q16: =Q4+Q8+Q12 -> 0 | ... AN16: =AN4+AN8+AN12 -> 0 | AO16: ИТОГО ₸: | AT16: =AU4+AU8+AU12 -> 0
A17: ИТОГО ГСМ (л) | J17: =J5+J9+J13 -> 0 | K17: =K5+K9+K13 -> 0 | L17: =L5+L9+L13 -> 0 | M17: =M5+M9+M13 -> 0 | N17: =N5+N9+N13 -> 0 | O17: =O5+O9+O13 -> 0 | P17: =P5+P9+P13 -> 0 | Q17: =Q5+Q9+Q13 -> 0 | ... AN17: =AN5+AN9+AN13 -> 0
A18: 🔧 ИТОГО ТО (₸) | J18: =J6+J10+J14 -> 0 | K18: =K6+K10+K14 -> 0 | L18: =L6+L10+L14 -> 0 | M18: =M6+M10+M14 -> 0 | N18: =N6+N10+N14 -> 0 | O18: =O6+O10+O14 -> 0 | P18: =P6+P10+P14 -> 0 | Q18: =Q6+Q10+Q14 -> 0 | ... AN18: =AN6+AN10+AN14 -> 0
A19: 🚿 ИТОГО МОЙКА (₸) | J19: =J7+J11+J15 -> 0 | K19: =K7+K11+K15 -> 0 | L19: =L7+L11+L15 -> 0 | M19: =M7+M11+M15 -> 0 | N19: =N7+N11+N15 -> 0 | O19: =O7+O11+O15 -> 0 | P19: =P7+P11+P15 -> 0 | Q19: =Q7+Q11+Q15 -> 0 | ... AN19: =AN7+AN11+AN15 -> 0

Sheet Июль
A1: УЧЁТ ЗАПРАВКИ ГСМ И ПРОБЕГА | ИЮЛЬ 2026 | АО «ХАБАР» | Поставщик: Helios
A2: ИНФОРМАЦИЯ О ТС | J2: ЕЖЕДНЕВНЫЙ ПРОБЕГ И ЗАПРАВКА ГСМ | AO2: РАСЧЁТ И КОНТРОЛЬ
A3: № | B3: Заказчик | C3: Наим. ТС | D3: ГРНЗ | E3: Поставщик | F3: Номер карты ГСМ | G3: Тип топлива | H3: Бак (л) | I3: Остаток (л) | J3: 1 Ср | K3: 2 Чт | L3: 3 Пт | M3: 4 Сб | N3: 5 Вс | O3: 6 Пн | P3: 7 Вт | Q3: 8 Ср | R3: 9 Чт | S3: 10 Пт | T3: 11 Сб | U3: 12 Вс | V3: 13 Пн | W3: 14 Вт | X3: 15 Ср | Y3: 16 Чт | Z3: 17 Пт | AA3: 18 Сб | AB3: 19 Вс | AC3: 20 Пн | AD3: 21 Вт | AE3: 22 Ср | AF3: 23 Чт | AG3: 24 Пт | AH3: 25 Сб | AI3: 26 Вс | AJ3: 27 Пн | AK3: 28 Вт | AL3: 29 Ср | AM3: 30 Чт | AN3: 31 Пт | AO3: ИТОГО Пробег/ГСМ | AP3: Норма л/100км | AQ3: Факт л/100км | AR3: Расход по норме (л) | AS3: Факт расход (л) | AT3: Разница (л) | AU3: % от нормы | AV3: Стоим. факт (₸) | AW3: СТАТУС
A4: 1 | B4: АО "ХАБАР" | C4: Toyota HIACE | D4: 917CT02 | E4: Helios | F4: 733610007336105-6077 | G4: КМ | H4: 70 | I4: 70 | AO4: =SUM(J4:AN4) -> 0 | AP4: ='⚙ Настройки'!B9 -> 14 | AQ4: =IFERROR(AO5/AO4*100,0) -> 0 | AR4: =IFERROR(AO4*AP4/100,0) -> 0 | AS4: =AO5 -> 0 | AT4: =AR4-AS4 -> 0 | AU4: =IFERROR((AS4-AR4)/AR4*100,0) -> 0 | AV4: =AS4*'⚙ Настройки'!B10 -> 0 | AW4: =IF(AO4=0,"—",IF(AU4<='⚙ Настройки'!B11,"✅ ОК","⚠️ ПЕРЕРАСХОД")) -> —
G5: АИ-92 | AO5: =SUM(J5:AN5) -> 0
A6: 🔧 ТО (₸) | AO6: =SUM(J6:AN6) -> 0
AO7: =SUM(J7:AN7) -> 0
A8: 2 | B8: АО "ХАБАР" | C8: Toyota HIACE | D8: 684DC02 | E8: Helios | F8: 733610007336105-6069 | G8: КМ | H8: 70 | I8: 70 | AO8: =SUM(J8:AN8) -> 0 | AP8: ='⚙ Настройки'!C9 -> 14 | AQ8: =IFERROR(AO9/AO8*100,0) -> 0 | AR8: =IFERROR(AO8*AP8/100,0) -> 0 | AS8: =AO9 -> 0 | AT8: =AR8-AS8 -> 0 | AU8: =IFERROR((AS8-AR8)/AR8*100,0) -> 0 | AV8: =AS8*'⚙ Настройки'!C10 -> 0 | AW8: =IF(AO8=0,"—",IF(AU8<='⚙ Настройки'!C11,"✅ ОК","⚠️ ПЕРЕРАСХОД")) -> —
G9: АИ-92 | AO9: =SUM(J9:AN9) -> 0
A10: 🔧 ТО (₸) | AO10: =SUM(J10:AN10) -> 0
AO11: =SUM(J11:AN11) -> 0
A12: 3 | B12: АО "ХАБАР" | C12: Toyota HIACE | D12: 659DC02 | E12: Helios | F12: 733610007336105-6051 | G12: КМ | H12: 70 | I12: 70 | AO12: =SUM(J12:AN12) -> 0 | AP12: ='⚙ Настройки'!D9 -> 14 | AQ12: =IFERROR(AO13/AO12*100,0) -> 0 | AR12: =IFERROR(AO12*AP12/100,0) -> 0 | AS12: =AO13 -> 0 | AT12: =AR12-AS12 -> 0 | AU12: =IFERROR((AS12-AR12)/AR12*100,0) -> 0 | AV12: =AS12*'⚙ Настройки'!D10 -> 0 | AW12: =IF(AO12=0,"—",IF(AU12<='⚙ Настройки'!D11,"✅ ОК","⚠️ ПЕРЕРАСХОД")) -> —
G13: АИ-92 | AO13: =SUM(J13:AN13) -> 0
A14: 🔧 ТО (₸) | AO14: =SUM(J14:AN14) -> 0
AO15: =SUM(J15:AN15) -> 0
A16: ИТОГО ПРОБЕГ | J16: =J4+J8+J12 -> 0 | K16: =K4+K8+K12 -> 0 | L16: =L4+L8+L12 -> 0 | M16: =M4+M8+M12 -> 0 | N16: =N4+N8+N12 -> 0 | O16: =O4+O8+O12 -> 0 | P16: =P4+P8+P12 -> 0 | Q16: =Q4+Q8+Q12 -> 0 | ... AO16: =AO4+AO8+AO12 -> 0 | AP16: ИТОГО ₸: | AU16: =AU4+AU8+AU12 -> 0
A17: ИТОГО ГСМ (л) | J17: =J5+J9+J13 -> 0 | K17: =K5+K9+K13 -> 0 | L17: =L5+L9+L13 -> 0 | M17: =M5+M9+M13 -> 0 | N17: =N5+N9+N13 -> 0 | O17: =O5+O9+O13 -> 0 | P17: =P5+P9+P13 -> 0 | Q17: =Q5+Q9+Q13 -> 0 | ... AO17: =AO5+AO9+AO13 -> 0
A18: 🔧 ИТОГО ТО (₸) | J18: =J6+J10+J14 -> 0 | K18: =K6+K10+K14 -> 0 | L18: =L6+L10+L14 -> 0 | M18: =M6+M10+M14 -> 0 | N18: =N6+N10+N14 -> 0 | O18: =O6+O10+O14 -> 0 | P18: =P6+P10+P14 -> 0 | Q18: =Q6+Q10+Q14 -> 0 | ... AO18: =AO6+AO10+AO14 -> 0
A19: 🚿 ИТОГО МОЙКА (₸) | J19: =J7+J11+J15 -> 0 | K19: =K7+K11+K15 -> 0 | L19: =L7+L11+L15 -> 0 | M19: =M7+M11+M15 -> 0 | N19: =N7+N11+N15 -> 0 | O19: =O7+O11+O15 -> 0 | P19: =P7+P11+P15 -> 0 | Q19: =Q7+Q11+Q15 -> 0 | ... AO19: =AO7+AO11+AO15 -> 0

Sheet Август
A1: УЧЁТ ЗАПРАВКИ ГСМ И ПРОБЕГА | АВГУСТ 2026 | АО «ХАБАР» | Поставщик: Helios
A2: ИНФОРМАЦИЯ О ТС | J2: ЕЖЕДНЕВНЫЙ ПРОБЕГ И ЗАПРАВКА ГСМ | AO2: РАСЧЁТ И КОНТРОЛЬ
A3: № | B3: Заказчик | C3: Наим. ТС | D3: ГРНЗ | E3: Поставщик | F3: Номер карты ГСМ | G3: Тип топлива | H3: Бак (л) | I3: Остаток (л) | J3: 1 Сб | K3: 2 Вс | L3: 3 Пн | M3: 4 Вт | N3: 5 Ср | O3: 6 Чт | P3: 7 Пт | Q3: 8 Сб | R3: 9 Вс | S3: 10 Пн | T3: 11 Вт | U3: 12 Ср | V3: 13 Чт | W3: 14 Пт | X3: 15 Сб | Y3: 16 Вс | Z3: 17 Пн | AA3: 18 Вт | AB3: 19 Ср | AC3: 20 Чт | AD3: 21 Пт | AE3: 22 Сб | AF3: 23 Вс | AG3: 24 Пн | AH3: 25 Вт | AI3: 26 Ср | AJ3: 27 Чт | AK3: 28 Пт | AL3: 29 Сб | AM3: 30 Вс | AN3: 31 Пн | AO3: ИТОГО Пробег/ГСМ | AP3: Норма л/100км | AQ3: Факт л/100км | AR3: Расход по норме (л) | AS3: Факт расход (л) | AT3: Разница (л) | AU3: % от нормы | AV3: Стоим. факт (₸) | AW3: СТАТУС
A4: 1 | B4: АО "ХАБАР" | C4: Toyota HIACE | D4: 917CT02 | E4: Helios | F4: 733610007336105-6077 | G4: КМ | H4: 70 | I4: 70 | AO4: =SUM(J4:AN4) -> 0 | AP4: ='⚙ Настройки'!B9 -> 14 | AQ4: =IFERROR(AO5/AO4*100,0) -> 0 | AR4: =IFERROR(AO4*AP4/100,0) -> 0 | AS4: =AO5 -> 0 | AT4: =AR4-AS4 -> 0 | AU4: =IFERROR((AS4-AR4)/AR4*100,0) -> 0 | AV4: =AS4*'⚙ Настройки'!B10 -> 0 | AW4: =IF(AO4=0,"—",IF(AU4<='⚙ Настройки'!B11,"✅ ОК","⚠️ ПЕРЕРАСХОД")) -> —
G5: АИ-92 | AO5: =SUM(J5:AN5) -> 0
A6: 🔧 ТО (₸) | AO6: =SUM(J6:AN6) -> 0
AO7: =SUM(J7:AN7) -> 0
A8: 2 | B8: АО "ХАБАР" | C8: Toyota HIACE | D8: 684DC02 | E8: Helios | F8: 733610007336105-6069 | G8: КМ | H8: 70 | I8: 70 | AO8: =SUM(J8:AN8) -> 0 | AP8: ='⚙ Настройки'!C9 -> 14 | AQ8: =IFERROR(AO9/AO8*100,0) -> 0 | AR8: =IFERROR(AO8*AP8/100,0) -> 0 | AS8: =AO9 -> 0 | AT8: =AR8-AS8 -> 0 | AU8: =IFERROR((AS8-AR8)/AR8*100,0) -> 0 | AV8: =AS8*'⚙ Настройки'!C10 -> 0 | AW8: =IF(AO8=0,"—",IF(AU8<='⚙ Настройки'!C11,"✅ ОК","⚠️ ПЕРЕРАСХОД")) -> —
G9: АИ-92 | AO9: =SUM(J9:AN9) -> 0
A10: 🔧 ТО (₸) | AO10: =SUM(J10:AN10) -> 0
AO11: =SUM(J11:AN11) -> 0
A12: 3 | B12: АО "ХАБАР" | C12: Toyota HIACE | D12: 659DC02 | E12: Helios | F12: 733610007336105-6051 | G12: КМ | H12: 70 | I12: 70 | AO12: =SUM(J12:AN12) -> 0 | AP12: ='⚙ Настройки'!D9 -> 14 | AQ12: =IFERROR(AO13/AO12*100,0) -> 0 | AR12: =IFERROR(AO12*AP12/100,0) -> 0 | AS12: =AO13 -> 0 | AT12: =AR12-AS12 -> 0 | AU12: =IFERROR((AS12-AR12)/AR12*100,0) -> 0 | AV12: =AS12*'⚙ Настройки'!D10 -> 0 | AW12: =IF(AO12=0,"—",IF(AU12<='⚙ Настройки'!D11,"✅ ОК","⚠️ ПЕРЕРАСХОД")) -> —
G13: АИ-92 | AO13: =SUM(J13:AN13) -> 0
A14: 🔧 ТО (₸) | AO14: =SUM(J14:AN14) -> 0
AO15: =SUM(J15:AN15) -> 0
A16: ИТОГО ПРОБЕГ | J16: =J4+J8+J12 -> 0 | K16: =K4+K8+K12 -> 0 | L16: =L4+L8+L12 -> 0 | M16: =M4+M8+M12 -> 0 | N16: =N4+N8+N12 -> 0 | O16: =O4+O8+O12 -> 0 | P16: =P4+P8+P12 -> 0 | Q16: =Q4+Q8+Q12 -> 0 | ... AO16: =AO4+AO8+AO12 -> 0 | AP16: ИТОГО ₸: | AU16: =AU4+AU8+AU12 -> 0
A17: ИТОГО ГСМ (л) | J17: =J5+J9+J13 -> 0 | K17: =K5+K9+K13 -> 0 | L17: =L5+L9+L13 -> 0 | M17: =M5+M9+M13 -> 0 | N17: =N5+N9+N13 -> 0 | O17: =O5+O9+O13 -> 0 | P17: =P5+P9+P13 -> 0 | Q17: =Q5+Q9+Q13 -> 0 | ... AO17: =AO5+AO9+AO13 -> 0
A18: 🔧 ИТОГО ТО (₸) | J18: =J6+J10+J14 -> 0 | K18: =K6+K10+K14 -> 0 | L18: =L6+L10+L14 -> 0 | M18: =M6+M10+M14 -> 0 | N18: =N6+N10+N14 -> 0 | O18: =O6+O10+O14 -> 0 | P18: =P6+P10+P14 -> 0 | Q18: =Q6+Q10+Q14 -> 0 | ... AO18: =AO6+AO10+AO14 -> 0
A19: 🚿 ИТОГО МОЙКА (₸) | J19: =J7+J11+J15 -> 0 | K19: =K7+K11+K15 -> 0 | L19: =L7+L11+L15 -> 0 | M19: =M7+M11+M15 -> 0 | N19: =N7+N11+N15 -> 0 | O19: =O7+O11+O15 -> 0 | P19: =P7+P11+P15 -> 0 | Q19: =Q7+Q11+Q15 -> 0 | ... AO19: =AO7+AO11+AO15 -> 0

Sheet Сентябрь
A1: УЧЁТ ЗАПРАВКИ ГСМ И ПРОБЕГА | СЕНТЯБРЬ 2026 | АО «ХАБАР» | Поставщик: Helios
A2: ИНФОРМАЦИЯ О ТС | J2: ЕЖЕДНЕВНЫЙ ПРОБЕГ И ЗАПРАВКА ГСМ | AN2: РАСЧЁТ И КОНТРОЛЬ
A3: № | B3: Заказчик | C3: Наим. ТС | D3: ГРНЗ | E3: Поставщик | F3: Номер карты ГСМ | G3: Тип топлива | H3: Бак (л) | I3: Остаток (л) | J3: 1 Вт | K3: 2 Ср | L3: 3 Чт | M3: 4 Пт | N3: 5 Сб | O3: 6 Вс | P3: 7 Пн | Q3: 8 Вт | R3: 9 Ср | S3: 10 Чт | T3: 11 Пт | U3: 12 Сб | V3: 13 Вс | W3: 14 Пн | X3: 15 Вт | Y3: 16 Ср | Z3: 17 Чт | AA3: 18 Пт | AB3: 19 Сб | AC3: 20 Вс | AD3: 21 Пн | AE3: 22 Вт | AF3: 23 Ср | AG3: 24 Чт | AH3: 25 Пт | AI3: 26 Сб | AJ3: 27 Вс | AK3: 28 Пн | AL3: 29 Вт | AM3: 30 Ср | AN3: ИТОГО Пробег/ГСМ | AO3: Норма л/100км | AP3: Факт л/100км | AQ3: Расход по норме (л) | AR3: Факт расход (л) | AS3: Разница (л) | AT3: % от нормы | AU3: Стоим. факт (₸) | AV3: СТАТУС
A4: 1 | B4: АО "ХАБАР" | C4: Toyota HIACE | D4: 917CT02 | E4: Helios | F4: 733610007336105-6077 | G4: КМ | H4: 70 | I4: 70 | AN4: =SUM(J4:AM4) -> 0 | AO4: ='⚙ Настройки'!B9 -> 14 | AP4: =IFERROR(AN5/AN4*100,0) -> 0 | AQ4: =IFERROR(AN4*AO4/100,0) -> 0 | AR4: =AN5 -> 0 | AS4: =AQ4-AR4 -> 0 | AT4: =IFERROR((AR4-AQ4)/AQ4*100,0) -> 0 | AU4: =AR4*'⚙ Настройки'!B10 -> 0 | AV4: =IF(AN4=0,"—",IF(AT4<='⚙ Настройки'!B11,"✅ ОК","⚠️ ПЕРЕРАСХОД")) -> —
G5: АИ-92 | AN5: =SUM(J5:AM5) -> 0
A6: 🔧 ТО (₸) | AN6: =SUM(J6:AM6) -> 0
AN7: =SUM(J7:AM7) -> 0
A8: 2 | B8: АО "ХАБАР" | C8: Toyota HIACE | D8: 684DC02 | E8: Helios | F8: 733610007336105-6069 | G8: КМ | H8: 70 | I8: 70 | AN8: =SUM(J8:AM8) -> 0 | AO8: ='⚙ Настройки'!C9 -> 14 | AP8: =IFERROR(AN9/AN8*100,0) -> 0 | AQ8: =IFERROR(AN8*AO8/100,0) -> 0 | AR8: =AN9 -> 0 | AS8: =AQ8-AR8 -> 0 | AT8: =IFERROR((AR8-AQ8)/AQ8*100,0) -> 0 | AU8: =AR8*'⚙ Настройки'!C10 -> 0 | AV8: =IF(AN8=0,"—",IF(AT8<='⚙ Настройки'!C11,"✅ ОК","⚠️ ПЕРЕРАСХОД")) -> —
G9: АИ-92 | AN9: =SUM(J9:AM9) -> 0
A10: 🔧 ТО (₸) | AN10: =SUM(J10:AM10) -> 0
AN11: =SUM(J11:AM11) -> 0
A12: 3 | B12: АО "ХАБАР" | C12: Toyota HIACE | D12: 659DC02 | E12: Helios | F12: 733610007336105-6051 | G12: КМ | H12: 70 | I12: 70 | AN12: =SUM(J12:AM12) -> 0 | AO12: ='⚙ Настройки'!D9 -> 14 | AP12: =IFERROR(AN13/AN12*100,0) -> 0 | AQ12: =IFERROR(AN12*AO12/100,0) -> 0 | AR12: =AN13 -> 0 | AS12: =AQ12-AR12 -> 0 | AT12: =IFERROR((AR12-AQ12)/AQ12*100,0) -> 0 | AU12: =AR12*'⚙ Настройки'!D10 -> 0 | AV12: =IF(AN12=0,"—",IF(AT12<='⚙ Настройки'!D11,"✅ ОК","⚠️ ПЕРЕРАСХОД")) -> —
G13: АИ-92 | AN13: =SUM(J13:AM13) -> 0
A14: 🔧 ТО (₸) | AN14: =SUM(J14:AM14) -> 0
AN15: =SUM(J15:AM15) -> 0
A16: ИТОГО ПРОБЕГ | J16: =J4+J8+J12 -> 0 | K16: =K4+K8+K12 -> 0 | L16: =L4+L8+L12 -> 0 | M16: =M4+M8+M12 -> 0 | N16: =N4+N8+N12 -> 0 | O16: =O4+O8+O12 -> 0 | P16: =P4+P8+P12 -> 0 | Q16: =Q4+Q8+Q12 -> 0 | ... AN16: =AN4+AN8+AN12 -> 0 | AO16: ИТОГО ₸: | AT16: =AU4+AU8+AU12 -> 0
A17: ИТОГО ГСМ (л) | J17: =J5+J9+J13 -> 0 | K17: =K5+K9+K13 -> 0 | L17: =L5+L9+L13 -> 0 | M17: =M5+M9+M13 -> 0 | N17: =N5+N9+N13 -> 0 | O17: =O5+O9+O13 -> 0 | P17: =P5+P9+P13 -> 0 | Q17: =Q5+Q9+Q13 -> 0 | ... AN17: =AN5+AN9+AN13 -> 0
A18: 🔧 ИТОГО ТО (₸) | J18: =J6+J10+J14 -> 0 | K18: =K6+K10+K14 -> 0 | L18: =L6+L10+L14 -> 0 | M18: =M6+M10+M14 -> 0 | N18: =N6+N10+N14 -> 0 | O18: =O6+O10+O14 -> 0 | P18: =P6+P10+P14 -> 0 | Q18: =Q6+Q10+Q14 -> 0 | ... AN18: =AN6+AN10+AN14 -> 0
A19: 🚿 ИТОГО МОЙКА (₸) | J19: =J7+J11+J15 -> 0 | K19: =K7+K11+K15 -> 0 | L19: =L7+L11+L15 -> 0 | M19: =M7+M11+M15 -> 0 | N19: =N7+N11+N15 -> 0 | O19: =O7+O11+O15 -> 0 | P19: =P7+P11+P15 -> 0 | Q19: =Q7+Q11+Q15 -> 0 | ... AN19: =AN7+AN11+AN15 -> 0

Sheet Октябрь
A1: УЧЁТ ЗАПРАВКИ ГСМ И ПРОБЕГА | ОКТЯБРЬ 2026 | АО «ХАБАР» | Поставщик: Helios
A2: ИНФОРМАЦИЯ О ТС | J2: ЕЖЕДНЕВНЫЙ ПРОБЕГ И ЗАПРАВКА ГСМ | AO2: РАСЧЁТ И КОНТРОЛЬ
A3: № | B3: Заказчик | C3: Наим. ТС | D3: ГРНЗ | E3: Поставщик | F3: Номер карты ГСМ | G3: Тип топлива | H3: Бак (л) | I3: Остаток (л) | J3: 1 Чт | K3: 2 Пт | L3: 3 Сб | M3: 4 Вс | N3: 5 Пн | O3: 6 Вт | P3: 7 Ср | Q3: 8 Чт | R3: 9 Пт | S3: 10 Сб | T3: 11 Вс | U3: 12 Пн | V3: 13 Вт | W3: 14 Ср | X3: 15 Чт | Y3: 16 Пт | Z3: 17 Сб | AA3: 18 Вс | AB3: 19 Пн | AC3: 20 Вт | AD3: 21 Ср | AE3: 22 Чт | AF3: 23 Пт | AG3: 24 Сб | AH3: 25 Вс | AI3: 26 Пн | AJ3: 27 Вт | AK3: 28 Ср | AL3: 29 Чт | AM3: 30 Пт | AN3: 31 Сб | AO3: ИТОГО Пробег/ГСМ | AP3: Норма л/100км | AQ3: Факт л/100км | AR3: Расход по норме (л) | AS3: Факт расход (л) | AT3: Разница (л) | AU3: % от нормы | AV3: Стоим. факт (₸) | AW3: СТАТУС
A4: 1 | B4: АО "ХАБАР" | C4: Toyota HIACE | D4: 917CT02 | E4: Helios | F4: 733610007336105-6077 | G4: КМ | H4: 70 | I4: 70 | AO4: =SUM(J4:AN4) -> 0 | AP4: ='⚙ Настройки'!B9 -> 14 | AQ4: =IFERROR(AO5/AO4*100,0) -> 0 | AR4: =IFERROR(AO4*AP4/100,0) -> 0 | AS4: =AO5 -> 0 | AT4: =AR4-AS4 -> 0 | AU4: =IFERROR((AS4-AR4)/AR4*100,0) -> 0 | AV4: =AS4*'⚙ Настройки'!B10 -> 0 | AW4: =IF(AO4=0,"—",IF(AU4<='⚙ Настройки'!B11,"✅ ОК","⚠️ ПЕРЕРАСХОД")) -> —
G5: АИ-92 | AO5: =SUM(J5:AN5) -> 0
A6: 🔧 ТО (₸) | AO6: =SUM(J6:AN6) -> 0
AO7: =SUM(J7:AN7) -> 0
A8: 2 | B8: АО "ХАБАР" | C8: Toyota HIACE | D8: 684DC02 | E8: Helios | F8: 733610007336105-6069 | G8: КМ | H8: 70 | I8: 70 | AO8: =SUM(J8:AN8) -> 0 | AP8: ='⚙ Настройки'!C9 -> 14 | AQ8: =IFERROR(AO9/AO8*100,0) -> 0 | AR8: =IFERROR(AO8*AP8/100,0) -> 0 | AS8: =AO9 -> 0 | AT8: =AR8-AS8 -> 0 | AU8: =IFERROR((AS8-AR8)/AR8*100,0) -> 0 | AV8: =AS8*'⚙ Настройки'!C10 -> 0 | AW8: =IF(AO8=0,"—",IF(AU8<='⚙ Настройки'!C11,"✅ ОК","⚠️ ПЕРЕРАСХОД")) -> —
G9: АИ-92 | AO9: =SUM(J9:AN9) -> 0
A10: 🔧 ТО (₸) | AO10: =SUM(J10:AN10) -> 0
AO11: =SUM(J11:AN11) -> 0
A12: 3 | B12: АО "ХАБАР" | C12: Toyota HIACE | D12: 659DC02 | E12: Helios | F12: 733610007336105-6051 | G12: КМ | H12: 70 | I12: 70 | AO12: =SUM(J12:AN12) -> 0 | AP12: ='⚙ Настройки'!D9 -> 14 | AQ12: =IFERROR(AO13/AO12*100,0) -> 0 | AR12: =IFERROR(AO12*AP12/100,0) -> 0 | AS12: =AO13 -> 0 | AT12: =AR12-AS12 -> 0 | AU12: =IFERROR((AS12-AR12)/AR12*100,0) -> 0 | AV12: =AS12*'⚙ Настройки'!D10 -> 0 | AW12: =IF(AO12=0,"—",IF(AU12<='⚙ Настройки'!D11,"✅ ОК","⚠️ ПЕРЕРАСХОД")) -> —
G13: АИ-92 | AO13: =SUM(J13:AN13) -> 0
A14: 🔧 ТО (₸) | AO14: =SUM(J14:AN14) -> 0
AO15: =SUM(J15:AN15) -> 0
A16: ИТОГО ПРОБЕГ | J16: =J4+J8+J12 -> 0 | K16: =K4+K8+K12 -> 0 | L16: =L4+L8+L12 -> 0 | M16: =M4+M8+M12 -> 0 | N16: =N4+N8+N12 -> 0 | O16: =O4+O8+O12 -> 0 | P16: =P4+P8+P12 -> 0 | Q16: =Q4+Q8+Q12 -> 0 | ... AO16: =AO4+AO8+AO12 -> 0 | AP16: ИТОГО ₸: | AU16: =AU4+AU8+AU12 -> 0
A17: ИТОГО ГСМ (л) | J17: =J5+J9+J13 -> 0 | K17: =K5+K9+K13 -> 0 | L17: =L5+L9+L13 -> 0 | M17: =M5+M9+M13 -> 0 | N17: =N5+N9+N13 -> 0 | O17: =O5+O9+O13 -> 0 | P17: =P5+P9+P13 -> 0 | Q17: =Q5+Q9+Q13 -> 0 | ... AO17: =AO5+AO9+AO13 -> 0
A18: 🔧 ИТОГО ТО (₸) | J18: =J6+J10+J14 -> 0 | K18: =K6+K10+K14 -> 0 | L18: =L6+L10+L14 -> 0 | M18: =M6+M10+M14 -> 0 | N18: =N6+N10+N14 -> 0 | O18: =O6+O10+O14 -> 0 | P18: =P6+P10+P14 -> 0 | Q18: =Q6+Q10+Q14 -> 0 | ... AO18: =AO6+AO10+AO14 -> 0
A19: 🚿 ИТОГО МОЙКА (₸) | J19: =J7+J11+J15 -> 0 | K19: =K7+K11+K15 -> 0 | L19: =L7+L11+L15 -> 0 | M19: =M7+M11+M15 -> 0 | N19: =N7+N11+N15 -> 0 | O19: =O7+O11+O15 -> 0 | P19: =P7+P11+P15 -> 0 | Q19: =Q7+Q11+Q15 -> 0 | ... AO19: =AO7+AO11+AO15 -> 0

Sheet Ноябрь
A1: УЧЁТ ЗАПРАВКИ ГСМ И ПРОБЕГА | НОЯБРЬ 2026 | АО «ХАБАР» | Поставщик: Helios
A2: ИНФОРМАЦИЯ О ТС | J2: ЕЖЕДНЕВНЫЙ ПРОБЕГ И ЗАПРАВКА ГСМ | AN2: РАСЧЁТ И КОНТРОЛЬ
A3: № | B3: Заказчик | C3: Наим. ТС | D3: ГРНЗ | E3: Поставщик | F3: Номер карты ГСМ | G3: Тип топлива | H3: Бак (л) | I3: Остаток (л) | J3: 1 Вс | K3: 2 Пн | L3: 3 Вт | M3: 4 Ср | N3: 5 Чт | O3: 6 Пт | P3: 7 Сб | Q3: 8 Вс | R3: 9 Пн | S3: 10 Вт | T3: 11 Ср | U3: 12 Чт | V3: 13 Пт | W3: 14 Сб | X3: 15 Вс | Y3: 16 Пн | Z3: 17 Вт | AA3: 18 Ср | AB3: 19 Чт | AC3: 20 Пт | AD3: 21 Сб | AE3: 22 Вс | AF3: 23 Пн | AG3: 24 Вт | AH3: 25 Ср | AI3: 26 Чт | AJ3: 27 Пт | AK3: 28 Сб | AL3: 29 Вс | AM3: 30 Пн | AN3: ИТОГО Пробег/ГСМ | AO3: Норма л/100км | AP3: Факт л/100км | AQ3: Расход по норме (л) | AR3: Факт расход (л) | AS3: Разница (л) | AT3: % от нормы | AU3: Стоим. факт (₸) | AV3: СТАТУС
A4: 1 | B4: АО "ХАБАР" | C4: Toyota HIACE | D4: 917CT02 | E4: Helios | F4: 733610007336105-6077 | G4: КМ | H4: 70 | I4: 70 | AN4: =SUM(J4:AM4) -> 0 | AO4: ='⚙ Настройки'!B9 -> 14 | AP4: =IFERROR(AN5/AN4*100,0) -> 0 | AQ4: =IFERROR(AN4*AO4/100,0) -> 0 | AR4: =AN5 -> 0 | AS4: =AQ4-AR4 -> 0 | AT4: =IFERROR((AR4-AQ4)/AQ4*100,0) -> 0 | AU4: =AR4*'⚙ Настройки'!B10 -> 0 | AV4: =IF(AN4=0,"—",IF(AT4<='⚙ Настройки'!B11,"✅ ОК","⚠️ ПЕРЕРАСХОД")) -> —
G5: АИ-92 | AN5: =SUM(J5:AM5) -> 0
A6: 🔧 ТО (₸) | AN6: =SUM(J6:AM6) -> 0
AN7: =SUM(J7:AM7) -> 0
A8: 2 | B8: АО "ХАБАР" | C8: Toyota HIACE | D8: 684DC02 | E8: Helios | F8: 733610007336105-6069 | G8: КМ | H8: 70 | I8: 70 | AN8: =SUM(J8:AM8) -> 0 | AO8: ='⚙ Настройки'!C9 -> 14 | AP8: =IFERROR(AN9/AN8*100,0) -> 0 | AQ8: =IFERROR(AN8*AO8/100,0) -> 0 | AR8: =AN9 -> 0 | AS8: =AQ8-AR8 -> 0 | AT8: =IFERROR((AR8-AQ8)/AQ8*100,0) -> 0 | AU8: =AR8*'⚙ Настройки'!C10 -> 0 | AV8: =IF(AN8=0,"—",IF(AT8<='⚙ Настройки'!C11,"✅ ОК","⚠️ ПЕРЕРАСХОД")) -> —
G9: АИ-92 | AN9: =SUM(J9:AM9) -> 0
A10: 🔧 ТО (₸) | AN10: =SUM(J10:AM10) -> 0
AN11: =SUM(J11:AM11) -> 0
A12: 3 | B12: АО "ХАБАР" | C12: Toyota HIACE | D12: 659DC02 | E12: Helios | F12: 733610007336105-6051 | G12: КМ | H12: 70 | I12: 70 | AN12: =SUM(J12:AM12) -> 0 | AO12: ='⚙ Настройки'!D9 -> 14 | AP12: =IFERROR(AN13/AN12*100,0) -> 0 | AQ12: =IFERROR(AN12*AO12/100,0) -> 0 | AR12: =AN13 -> 0 | AS12: =AQ12-AR12 -> 0 | AT12: =IFERROR((AR12-AQ12)/AQ12*100,0) -> 0 | AU12: =AR12*'⚙ Настройки'!D10 -> 0 | AV12: =IF(AN12=0,"—",IF(AT12<='⚙ Настройки'!D11,"✅ ОК","⚠️ ПЕРЕРАСХОД")) -> —
G13: АИ-92 | AN13: =SUM(J13:AM13) -> 0
A14: 🔧 ТО (₸) | AN14: =SUM(J14:AM14) -> 0
AN15: =SUM(J15:AM15) -> 0
A16: ИТОГО ПРОБЕГ | J16: =J4+J8+J12 -> 0 | K16: =K4+K8+K12 -> 0 | L16: =L4+L8+L12 -> 0 | M16: =M4+M8+M12 -> 0 | N16: =N4+N8+N12 -> 0 | O16: =O4+O8+O12 -> 0 | P16: =P4+P8+P12 -> 0 | Q16: =Q4+Q8+Q12 -> 0 | ... AN16: =AN4+AN8+AN12 -> 0 | AO16: ИТОГО ₸: | AT16: =AU4+AU8+AU12 -> 0
A17: ИТОГО ГСМ (л) | J17: =J5+J9+J13 -> 0 | K17: =K5+K9+K13 -> 0 | L17: =L5+L9+L13 -> 0 | M17: =M5+M9+M13 -> 0 | N17: =N5+N9+N13 -> 0 | O17: =O5+O9+O13 -> 0 | P17: =P5+P9+P13 -> 0 | Q17: =Q5+Q9+Q13 -> 0 | ... AN17: =AN5+AN9+AN13 -> 0
A18: 🔧 ИТОГО ТО (₸) | J18: =J6+J10+J14 -> 0 | K18: =K6+K10+K14 -> 0 | L18: =L6+L10+L14 -> 0 | M18: =M6+M10+M14 -> 0 | N18: =N6+N10+N14 -> 0 | O18: =O6+O10+O14 -> 0 | P18: =P6+P10+P14 -> 0 | Q18: =Q6+Q10+Q14 -> 0 | ... AN18: =AN6+AN10+AN14 -> 0
A19: 🚿 ИТОГО МОЙКА (₸) | J19: =J7+J11+J15 -> 0 | K19: =K7+K11+K15 -> 0 | L19: =L7+L11+L15 -> 0 | M19: =M7+M11+M15 -> 0 | N19: =N7+N11+N15 -> 0 | O19: =O7+O11+O15 -> 0 | P19: =P7+P11+P15 -> 0 | Q19: =Q7+Q11+Q15 -> 0 | ... AN19: =AN7+AN11+AN15 -> 0

Sheet Декабрь
A1: УЧЁТ ЗАПРАВКИ ГСМ И ПРОБЕГА | ДЕКАБРЬ 2026 | АО «ХАБАР» | Поставщик: Helios
A2: ИНФОРМАЦИЯ О ТС | J2: ЕЖЕДНЕВНЫЙ ПРОБЕГ И ЗАПРАВКА ГСМ | AO2: РАСЧЁТ И КОНТРОЛЬ
A3: № | B3: Заказчик | C3: Наим. ТС | D3: ГРНЗ | E3: Поставщик | F3: Номер карты ГСМ | G3: Тип топлива | H3: Бак (л) | I3: Остаток (л) | J3: 1 Вт | K3: 2 Ср | L3: 3 Чт | M3: 4 Пт | N3: 5 Сб | O3: 6 Вс | P3: 7 Пн | Q3: 8 Вт | R3: 9 Ср | S3: 10 Чт | T3: 11 Пт | U3: 12 Сб | V3: 13 Вс | W3: 14 Пн | X3: 15 Вт | Y3: 16 Ср | Z3: 17 Чт | AA3: 18 Пт | AB3: 19 Сб | AC3: 20 Вс | AD3: 21 Пн | AE3: 22 Вт | AF3: 23 Ср | AG3: 24 Чт | AH3: 25 Пт | AI3: 26 Сб | AJ3: 27 Вс | AK3: 28 Пн | AL3: 29 Вт | AM3: 30 Ср | AN3: 31 Чт | AO3: ИТОГО Пробег/ГСМ | AP3: Норма л/100км | AQ3: Факт л/100км | AR3: Расход по норме (л) | AS3: Факт расход (л) | AT3: Разница (л) | AU3: % от нормы | AV3: Стоим. факт (₸) | AW3: СТАТУС
A4: 1 | B4: АО "ХАБАР" | C4: Toyota HIACE | D4: 917CT02 | E4: Helios | F4: 733610007336105-6077 | G4: КМ | H4: 70 | I4: 70 | AO4: =SUM(J4:AN4) -> 0 | AP4: ='⚙ Настройки'!B9 -> 14 | AQ4: =IFERROR(AO5/AO4*100,0) -> 0 | AR4: =IFERROR(AO4*AP4/100,0) -> 0 | AS4: =AO5 -> 0 | AT4: =AR4-AS4 -> 0 | AU4: =IFERROR((AS4-AR4)/AR4*100,0) -> 0 | AV4: =AS4*'⚙ Настройки'!B10 -> 0 | AW4: =IF(AO4=0,"—",IF(AU4<='⚙ Настройки'!B11,"✅ ОК","⚠️ ПЕРЕРАСХОД")) -> —
G5: АИ-92 | AO5: =SUM(J5:AN5) -> 0
A6: 🔧 ТО (₸) | AO6: =SUM(J6:AN6) -> 0
AO7: =SUM(J7:AN7) -> 0
A8: 2 | B8: АО "ХАБАР" | C8: Toyota HIACE | D8: 684DC02 | E8: Helios | F8: 733610007336105-6069 | G8: КМ | H8: 70 | I8: 70 | AO8: =SUM(J8:AN8) -> 0 | AP8: ='⚙ Настройки'!C9 -> 14 | AQ8: =IFERROR(AO9/AO8*100,0) -> 0 | AR8: =IFERROR(AO8*AP8/100,0) -> 0 | AS8: =AO9 -> 0 | AT8: =AR8-AS8 -> 0 | AU8: =IFERROR((AS8-AR8)/AR8*100,0) -> 0 | AV8: =AS8*'⚙ Настройки'!C10 -> 0 | AW8: =IF(AO8=0,"—",IF(AU8<='⚙ Настройки'!C11,"✅ ОК","⚠️ ПЕРЕРАСХОД")) -> —
G9: АИ-92 | AO9: =SUM(J9:AN9) -> 0
A10: 🔧 ТО (₸) | AO10: =SUM(J10:AN10) -> 0
AO11: =SUM(J11:AN11) -> 0
A12: 3 | B12: АО "ХАБАР" | C12: Toyota HIACE | D12: 659DC02 | E12: Helios | F12: 733610007336105-6051 | G12: КМ | H12: 70 | I12: 70 | AO12: =SUM(J12:AN12) -> 0 | AP12: ='⚙ Настройки'!D9 -> 14 | AQ12: =IFERROR(AO13/AO12*100,0) -> 0 | AR12: =IFERROR(AO12*AP12/100,0) -> 0 | AS12: =AO13 -> 0 | AT12: =AR12-AS12 -> 0 | AU12: =IFERROR((AS12-AR12)/AR12*100,0) -> 0 | AV12: =AS12*'⚙ Настройки'!D10 -> 0 | AW12: =IF(AO12=0,"—",IF(AU12<='⚙ Настройки'!D11,"✅ ОК","⚠️ ПЕРЕРАСХОД")) -> —
G13: АИ-92 | AO13: =SUM(J13:AN13) -> 0
A14: 🔧 ТО (₸) | AO14: =SUM(J14:AN14) -> 0
AO15: =SUM(J15:AN15) -> 0
A16: ИТОГО ПРОБЕГ | J16: =J4+J8+J12 -> 0 | K16: =K4+K8+K12 -> 0 | L16: =L4+L8+L12 -> 0 | M16: =M4+M8+M12 -> 0 | N16: =N4+N8+N12 -> 0 | O16: =O4+O8+O12 -> 0 | P16: =P4+P8+P12 -> 0 | Q16: =Q4+Q8+Q12 -> 0 | ... AO16: =AO4+AO8+AO12 -> 0 | AP16: ИТОГО ₸: | AU16: =AU4+AU8+AU12 -> 0
A17: ИТОГО ГСМ (л) | J17: =J5+J9+J13 -> 0 | K17: =K5+K9+K13 -> 0 | L17: =L5+L9+L13 -> 0 | M17: =M5+M9+M13 -> 0 | N17: =N5+N9+N13 -> 0 | O17: =O5+O9+O13 -> 0 | P17: =P5+P9+P13 -> 0 | Q17: =Q5+Q9+Q13 -> 0 | ... AO17: =AO5+AO9+AO13 -> 0
A18: 🔧 ИТОГО ТО (₸) | J18: =J6+J10+J14 -> 0 | K18: =K6+K10+K14 -> 0 | L18: =L6+L10+L14 -> 0 | M18: =M6+M10+M14 -> 0 | N18: =N6+N10+N14 -> 0 | O18: =O6+O10+O14 -> 0 | P18: =P6+P10+P14 -> 0 | Q18: =Q6+Q10+Q14 -> 0 | ... AO18: =AO6+AO10+AO14 -> 0
A19: 🚿 ИТОГО МОЙКА (₸) | J19: =J7+J11+J15 -> 0 | K19: =K7+K11+K15 -> 0 | L19: =L7+L11+L15 -> 0 | M19: =M7+M11+M15 -> 0 | N19: =N7+N11+N15 -> 0 | O19: =O7+O11+O15 -> 0 | P19: =P7+P11+P15 -> 0 | Q19: =Q7+Q11+Q15 -> 0 | ... AO19: =AO7+AO11+AO15 -> 0
